hydrex_epoch,aero_epoch,epoch_start,epoch_end,pair,pool_address,tvl_start_usd,tvl_end_usd,tvl_avg_usd,volume_usd,fees_usd,ohydx_distributed,hydx_price_at_report,incentives_usd,fees_tvl_pct,volume_tvl_pct,fees_volume_pct,tvl_per_incentive_usd,fees_per_incentive_usd
33,140,2026-04-30,2026-05-07,USDC/VVV,0x02107bab40bba06ae979a15f67b5ad3853c5e116,100.94,6681.41,3391.17,10918.48,38.23,4386.8565,0.039,119.76,1.1273,321.9675,0.3501,28.32,0.3192
33,140,2026-04-30,2026-05-07,USDC/ZEN,0x415233bf9b9156d4f777d580e67c0a4e398a84c3,98.13,1372.31,735.22,11078.64,33.37,4386.8565,0.039,119.76,4.5388,1506.8469,0.3012,6.14,0.2786
33,140,2026-04-30,2026-05-07,cbMEGA/WETH,0x5bc54e33cfb988bfe5e578ef69c41d357c318bde,87.79,92.31,90.05,281.89,0.85,0.0,0.039,0.0,0.9439,313.0372,0.3015,0,0
34,141,2026-05-07,2026-05-14,USDC/VVV,0x02107bab40bba06ae979a15f67b5ad3853c5e116,6681.41,8555.59,7618.5,52799.21,196.92,8670.507577343402,0.03752,227.72221101134707,2.5847607796810395,693.0394434599987,0.3729601257291539,33.45523463067193,0.864737783483877
34,141,2026-05-07,2026-05-14,USDC/ZEN,0x415233bf9b9156d4f777d580e67c0a4e398a84c3,1372.31,1336.36,1354.335,9048.38,27.13,8670.507577343402,0.03752,227.72221101134707,2.003197141032315,668.1050109463315,0.2998326772306203,5.947311832188892,0.11913638059068446
34,141,2026-05-07,2026-05-14,cbMEGA/WETH,0x5bc54e33cfb988bfe5e578ef69c41d357c318bde,92.31,90.37,91.34,26.18,0.07,11.291976107669363,0.03752,0.2965724604918281,0.07663674184366105,28.662141449529233,0.26737967914438504,307.985440888625,0.23603000724987686
35,142,2026-05-14,2026-05-21,USDC/VVV,0x02107bab40bba06ae979a15f67b5ad3853c5e116,8555.59,30590.82,19573.21,177529.39,649.92,8492.118,0.05886,349.89,3.3205,907.0021,0.3661,55.94,1.8575
35,142,2026-05-14,2026-05-21,USDC/ZEN,0x415233bf9b9156d4f777d580e67c0a4e398a84c3,1336.36,1903.58,1619.97,5717.83,17.02,8465.2635,0.05886,348.79,1.0506,352.959,0.2977,4.64,0.0488
35,142,2026-05-14,2026-05-21,cbMEGA/WETH,0x5bc54e33cfb988bfe5e578ef69c41d357c318bde,90.37,2275.22,1182.79,3659.73,10.8,4183.3874,0.05886,172.36,0.9131,309.4137,0.2951,6.86,0.0627
35,142,2026-05-14,2026-05-21,WETH/CHECK,0x567b69f72c0a2689c9be0cfba576af3caa896cb2,1733.2,1415.93,1574.57,1898.44,7.14,8455.7465,0.05886,348.39,0.4535,120.5692,0.3761,4.52,0.0205
35,142,2026-05-14,2026-05-21,WETH/NOCK,0x467a8846e7b54eac5d4d1cb2fdc9b8752212ff0e,1838.69,2169.82,2004.26,32366.7,194.53,9022.9792,0.05886,371.76,9.7059,1614.8993,0.601,5.39,0.5233
35,142,2026-05-14,2026-05-21,SOSO/USDC,0x17ed8b5358ad5dbf6ef5f07cf5e398ea40579116,96.72,2521.76,1309.24,14586.22,1.35,4172.0954,0.05886,171.9,0.1031,1114.0983,0.0093,7.62,0.0079
35,142,2026-05-14,2026-05-21,MAG7.ssi/USDC,0x88eaaa53405a6bf098bc38827f4642bcfd195256,100.57,4309.39,2204.98,4272.81,12.43,4172.0954,0.05886,171.9,0.5637,193.78,0.2909,12.83,0.0723
35,142,2026-05-14,2026-05-21,LFI/USDC,0x53ab4c60ff04b782f630a8685af95404f099aafd,109.84,6584.31,3347.08,33393.47,411.8,4172.0954,0.05886,171.9,12.3033,997.6911,1.2332,19.47,2.3956
35,142,2026-05-14,2026-05-21,deSPXA/USDC,0xa3c25d3f65e11008465f477665cf2303a420cfb2,50.03,6026.96,3038.49,12989.77,5.2,4172.0954,0.05886,171.9,0.1711,427.5067,0.04,17.68,0.0303
36,143,2026-05-21,2026-05-28,USDC/VVV,0x02107bab40bba06ae979a15f67b5ad3853c5e116,29563.05,26270.79,27916.92,202936.03,715.31,20322.9545,0.04756,676.59,2.5623,726.9284,0.3525,41.26,1.0572
36,143,2026-05-21,2026-05-28,USDC/ZEN,0x415233bf9b9156d4f777d580e67c0a4e398a84c3,1910.38,380.87,1145.62,1925.35,5.81,4342.1566,0.04756,144.56,0.5071,168.0611,0.3018,7.92,0.0402
36,143,2026-05-21,2026-05-28,cbMEGA/WETH,0x5bc54e33cfb988bfe5e578ef69c41d357c318bde,2273.74,15.16,1144.45,2285.57,6.87,4255.1049,0.04756,141.66,0.6003,199.709,0.3006,8.08,0.0485
36,143,2026-05-21,2026-05-28,WETH/CHECK,0x567b69f72c0a2689c9be0cfba576af3caa896cb2,1415.93,1857.81,1636.87,3771.67,14.5,8237.1667,0.04756,274.23,0.8858,230.4196,0.3844,5.97,0.0529
36,143,2026-05-21,2026-05-28,WETH/NOCK,0x467a8846e7b54eac5d4d1cb2fdc9b8752212ff0e,2088.17,1735.12,1911.64,44949.68,261.54,8801.6664,0.04756,293.03,13.6814,2351.3613,0.5819,6.52,0.8926
36,143,2026-05-21,2026-05-28,SOSO/USDC,0x17ed8b5358ad5dbf6ef5f07cf5e398ea40579116,2512.21,2662.59,2587.4,16681.91,1.22,8235.8002,0.04756,274.19,0.0472,644.7364,0.0073,9.44,0.0044
36,143,2026-05-21,2026-05-28,MAG7.ssi/USDC,0x88eaaa53405a6bf098bc38827f4642bcfd195256,4312.9,2081.33,3197.11,8199.63,22.84,8243.2051,0.04756,274.43,0.7144,256.4697,0.2785,11.65,0.0832
36,143,2026-05-21,2026-05-28,LFI/USDC,0x53ab4c60ff04b782f630a8685af95404f099aafd,6601.63,5550.2,6075.91,49672.26,564.49,10716.2912,0.04756,356.77,9.2906,817.5272,1.1364,17.03,1.5822
36,143,2026-05-21,2026-05-28,deSPXA/USDC,0xa3c25d3f65e11008465f477665cf2303a420cfb2,5873.88,7318.85,6596.36,19106.89,7.93,8235.8002,0.04756,274.19,0.1202,289.6579,0.0415,24.06,0.0289
36,143,2026-05-21,2026-05-28,AORA/USDC,0x7b5b9ac36bef2e808a02568704f651c607634c4b,19.57,1265.56,642.56,20405.96,254.68,4062.3383,0.04756,135.24,39.6349,3175.7036,1.2481,4.75,1.8831
36,143,2026-05-21,2026-05-28,DRB/WETH,0xa9a12101beddf0950c65c32a915ae21db002623d,91.16,1984.46,1037.81,4509.55,49.65,4062.3383,0.04756,135.24,4.7841,434.5256,1.101,7.67,0.3671
36,143,2026-05-21,2026-05-28,DIEM/USDC,0xe6D1dABdDDb884c20C0eFF3c50FBa364e6C14399,92.67,92.67,92.67,6.83,0.02,0.0,0.04756,0.0,0.0216,7.3702,0.2928,0,0
36,143,2026-05-21,2026-05-28,HOME/USDC,0x3343646E7d40099F1456405859F6c28A40423BbD,101.2,101.2,101.2,6.65,0.02,0.0,0.04756,0.0,0.0198,6.5711,0.3008,0,0
37,144,2026-05-28,2026-06-04,USDC/VVV,0x02107bab40bba06ae979a15f67b5ad3853c5e116,26384.91,28019.74,27202.33,214478.95,758.07,36017.797,0.04557,1148.93,2.7868,788.4582,0.3534,23.68,0.6598
37,144,2026-05-28,2026-06-04,USDC/ZEN,0x415233bf9b9156d4f777d580e67c0a4e398a84c3,380.87,167.15,274.01,1049.33,2.9,288.773,0.04557,9.21,1.0584,382.9532,0.2764,29.75,0.3148
37,144,2026-05-28,2026-06-04,cbMEGA/WETH,0x5bc54e33cfb988bfe5e578ef69c41d357c318bde,15.16,141.24,78.2,179.14,0.54,189.7515,0.04557,6.05,0.6905,229.0793,0.3014,12.92,0.0892
37,144,2026-05-28,2026-06-04,WETH/CHECK,0x567b69f72c0a2689c9be0cfba576af3caa896cb2,1860.71,1046.39,1453.55,1190.72,4.3,4360.7976,0.04557,139.11,0.2958,81.9181,0.3611,10.45,0.0309
37,144,2026-05-28,2026-06-04,WETH/NOCK,0x467a8846e7b54eac5d4d1cb2fdc9b8752212ff0e,1735.12,2508.22,2121.67,80118.27,423.08,10473.6092,0.04557,334.1,19.9409,3776.189,0.5281,6.35,1.2663
37,144,2026-05-28,2026-06-04,SOSO/USDC,0x17ed8b5358ad5dbf6ef5f07cf5e398ea40579116,2662.59,2.49,1332.54,1013.83,0.07,4069.4068,0.04557,129.81,0.0053,76.0825,0.0069,10.27,0.0005
37,144,2026-05-28,2026-06-04,MAG7.ssi/USDC,0x88eaaa53405a6bf098bc38827f4642bcfd195256,2081.33,140.3,1110.82,516.55,1.57,4307.0005,0.04557,137.39,0.1413,46.5019,0.3039,8.09,0.0114
37,144,2026-05-28,2026-06-04,LFI/USDC,0x53ab4c60ff04b782f630a8685af95404f099aafd,5489.25,5636.31,5562.78,36238.69,435.38,17999.4556,0.04557,574.16,7.8267,651.4493,1.2014,9.69,0.7583
37,144,2026-05-28,2026-06-04,deSPXA/USDC,0xa3c25d3f65e11008465f477665cf2303a420cfb2,7318.85,264.48,3791.66,2073.8,0.83,4252.3408,0.04557,135.65,0.0219,54.6937,0.04,27.95,0.0061
37,144,2026-05-28,2026-06-04,AORA/USDC,0x7b5b9ac36bef2e808a02568704f651c607634c4b,1264.94,1280.31,1272.62,3738.54,44.69,8652.8317,0.04557,276.02,3.5116,293.766,1.1954,4.61,0.1619
37,144,2026-05-28,2026-06-04,DRB/WETH,0xa9a12101beddf0950c65c32a915ae21db002623d,1984.46,1457.75,1721.11,2769.04,30.54,8066.72,0.04557,257.32,1.7744,160.8873,1.1029,6.69,0.1187
37,144,2026-05-28,2026-06-04,DIEM/USDC,0xe6D1dABdDDb884c20C0eFF3c50FBa364e6C14399,92.67,2206.33,1149.5,10732.27,37.9,3973.2945,0.04557,126.74,3.2971,933.6468,0.3531,9.07,0.299
37,144,2026-05-28,2026-06-04,HOME/USDC,0x3343646E7d40099F1456405859F6c28A40423BbD,101.2,1074.81,588.0,28207.73,193.98,3973.2945,0.04557,126.74,32.9895,4797.1922,0.6877,4.64,1.5305
37,144,2026-05-28,2026-06-04,AUKI/USDC,0x3c709ea8105174964a45ca913dc948f2b7477b66,956.01,95.47,525.74,11.54,0.06,0.0,0.04557,0.0,0.0114,2.195,0.5199,0,0
37,144,2026-05-28,2026-06-04,FUN/WETH,0xbcbc4c1428632a176d4cbe0b7b891bf4ee6b3e09,1437.39,86.23,761.81,24.49,0.12,0.0,0.04557,0.0,0.0158,3.2147,0.49,0,0
37,144,2026-05-28,2026-06-04,OVPP/USDC,0x8857358a26254f8a1100434225495e633d496950,1232.36,96.7,664.53,14.49,0.08,0.0,0.04557,0.0,0.012,2.1805,0.5521,0,0
37,144,2026-05-28,2026-06-04,UP/WETH,0x1110d6aa4fd324f2836d618609105bb8935bbf4a,462.16,92.35,277.25,6.15,0.06,0.0,0.04557,0.0,0.0216,2.2182,0.9756,0,0
37,144,2026-05-28,2026-06-04,BASEAI/USDC,0xb38ebed77331641ffd84312f1f8bf0a4ae8bc2cc,177.92,93.1,135.51,2.64,0.05,0.0,0.03368,0.0,0.036897645930189654,1.9481957051140137,1.893939393939394,0,0
38,145,2026-06-04,2026-06-11,USDC/VVV,0x02107bab40bba06ae979a15f67b5ad3853c5e116,28019.74,19850.15,23934.94,281158.1,1116.37,37868.977,0.03374,894.39,4.6642,1174.6762,0.3971,26.76,1.2482
38,145,2026-06-04,2026-06-11,USDC/ZEN,0x415233bf9b9156d4f777d580e67c0a4e398a84c3,167.15,1302.94,735.05,2130.54,7.43,3169.0283,0.03374,74.85,1.0108,289.8516,0.3487,9.82,0.0993
38,145,2026-06-04,2026-06-11,WETH/CHECK,0x567b69f72c0a2689c9be0cfba576af3caa896cb2,1046.39,1053.28,1049.84,1393.71,5.59,364.6192,0.03374,8.61,0.5325,132.7551,0.4011,121.91,0.6491
38,145,2026-06-04,2026-06-11,WETH/NOCK,0x467a8846e7b54eac5d4d1cb2fdc9b8752212ff0e,2508.22,2429.57,2468.89,105646.54,591.3,15377.7909,0.03374,363.19,23.95,4279.1022,0.5597,6.8,1.6281
38,145,2026-06-04,2026-06-11,LFI/USDC,0x53ab4c60ff04b782f630a8685af95404f099aafd,5636.31,4046.14,4841.23,28109.02,357.62,19467.4772,0.03374,459.78,7.387,580.6179,1.2723,10.53,0.7778
38,145,2026-06-04,2026-06-11,AORA/USDC,0x7b5b9ac36bef2e808a02568704f651c607634c4b,1280.31,727.08,1003.69,381.06,5.12,6522.8181,0.03374,154.06,0.5101,37.9657,1.3436,6.52,0.0332
38,145,2026-06-04,2026-06-11,DRB/WETH,0xa9a12101beddf0950c65c32a915ae21db002623d,1457.75,1055.99,1256.87,2678.08,31.42,6023.2418,0.03374,142.26,2.4999,213.0753,1.1732,8.84,0.2209
38,145,2026-06-04,2026-06-11,DIEM/USDC,0xe6D1dABdDDb884c20C0eFF3c50FBa364e6C14399,2206.33,976.0,1591.16,9458.58,35.39,5884.635,0.03374,138.98,2.2242,594.4437,0.3742,11.45,0.2546
38,145,2026-06-04,2026-06-11,HOME/USDC,0x3343646E7d40099F1456405859F6c28A40423BbD,1074.81,1455.48,1265.14,26715.97,185.76,8188.3732,0.03374,193.39,14.6829,2111.6923,0.6953,6.54,0.9605
38,145,2026-06-04,2026-06-11,AUKI/USDC,0x3c709ea8105174964a45ca913dc948f2b7477b66,95.47,2586.26,1340.87,6107.86,30.53,3822.7,0.03374,90.28,2.2769,455.5164,0.4998,14.85,0.3382
38,145,2026-06-04,2026-06-11,FUN/WETH,0xbcbc4c1428632a176d4cbe0b7b891bf4ee6b3e09,86.23,1621.5,853.87,9424.88,52.52,3819.9498,0.03374,90.22,6.1509,1103.7904,0.5572,9.46,0.5821
38,145,2026-06-04,2026-06-11,OVPP/USDC,0x8857358a26254f8a1100434225495e633d496950,96.7,1148.41,622.56,8101.72,40.71,3819.9498,0.03374,90.22,6.5392,1301.3661,0.5025,6.9,0.4512
38,145,2026-06-04,2026-06-11,UP/WETH,0x1110d6aa4fd324f2836d618609105bb8935bbf4a,92.35,1526.97,809.66,4329.49,47.64,3819.9498,0.03374,90.22,5.884,534.7294,1.1004,8.97,0.528
38,145,2026-06-04,2026-06-11,BASEAI/USDC,0xb38ebed77331641ffd84312f1f8bf0a4ae8bc2cc,93.1,328.53,210.815,701.24,26.59,3819.949786549856,0.03368,90.0591361676994,12.612954486160852,332.6328771671845,3.7918544292966745,2.340850789501697,0.295250444668786
38,145,2026-06-04,2026-06-11,VELVET/WETH,0x77d190b97b20161345ac718c93f530e8a7a4800b,167.7,154.08,160.89,265.23,2.56,0.0,0.03318,0.0,1.5911492323948042,164.85176207346638,0.9652000150812502,0,0
38,145,2026-06-04,2026-06-11,MOCA/WETH,0x3e172af5f0dca7b8d183d2ec7bc14d8cab2216a8,1079.62,96.43,588.025,5.1,0.01,0.0,0.03318,0.0,0.0017006079673483271,0.8673100633476467,0.19607843137254902,0,0
38,145,2026-06-04,2026-06-11,BIO/WETH,0x4bff50d91bc2fde06f31a91a781bd461f69e9bd8,1028.9,92.27,560.585,9.54,0.03,0.0,0.03318,0.0,0.005351552396157585,1.701793661978112,0.3144654088050315,0,0
39,146,2026-06-11,2026-06-18,USDC/VVV,0x02107bab40bba06ae979a15f67b5ad3853c5e116,19649.65,24787.51,22218.58,204401.03,740.01,42419.8211,0.03105,921.99,3.3306,919.9554,0.362,24.1,0.8026
39,146,2026-06-11,2026-06-18,USDC/ZEN,0x415233bf9b9156d4f777d580e67c0a4e398a84c3,1304.49,912.64,1108.57,462.61,1.37,1146.6727,0.03105,24.92,0.1236,41.7305,0.2961,44.48,0.055
39,146,2026-06-11,2026-06-18,WETH/CHECK,0x567b69f72c0a2689c9be0cfba576af3caa896cb2,1053.28,1078.94,1066.11,2001.13,7.83,154.7214,0.03105,3.36,0.7344,187.7039,0.3913,317.02,2.3284
39,146,2026-06-11,2026-06-18,WETH/NOCK,0x467a8846e7b54eac5d4d1cb2fdc9b8752212ff0e,2450.68,2940.0,2695.34,80809.29,336.35,19768.0937,0.03105,429.66,12.4789,2998.1112,0.4162,6.27,0.7828
39,146,2026-06-11,2026-06-18,LFI/USDC,0x53ab4c60ff04b782f630a8685af95404f099aafd,4031.86,9350.06,6690.96,13408.33,152.55,16410.4554,0.03105,356.68,2.2799,200.3947,1.1377,18.76,0.4277
39,146,2026-06-11,2026-06-18,AORA/USDC,0x7b5b9ac36bef2e808a02568704f651c607634c4b,726.48,206.23,466.36,1348.54,14.96,5642.6664,0.03105,122.64,3.2079,289.166,1.1093,3.8,0.122
39,146,2026-06-11,2026-06-18,DRB/WETH,0xa9a12101beddf0950c65c32a915ae21db002623d,1062.18,724.14,893.16,1126.98,12.55,2488.2596,0.03105,54.08,1.4051,126.179,1.1136,16.51,0.2321
39,146,2026-06-11,2026-06-18,DIEM/USDC,0xe6D1dABdDDb884c20C0eFF3c50FBa364e6C14399,967.73,696.84,832.29,2368.88,8.58,2447.5056,0.03105,53.2,1.0309,284.6237,0.3622,15.65,0.1613
39,146,2026-06-11,2026-06-18,HOME/USDC,0x3343646E7d40099F1456405859F6c28A40423BbD,1370.02,1029.52,1199.77,8550.18,26.72,6183.039,0.03105,134.39,2.2271,712.6516,0.3125,8.93,0.1988
39,146,2026-06-11,2026-06-18,AUKI/USDC,0x3c709ea8105174964a45ca913dc948f2b7477b66,2588.9,2763.55,2676.23,12523.44,62.72,7538.5166,0.03105,163.85,2.3436,467.9517,0.5008,16.33,0.3828
39,146,2026-06-11,2026-06-18,FUN/WETH,0xbcbc4c1428632a176d4cbe0b7b891bf4ee6b3e09,1637.08,2074.09,1855.59,9181.27,49.81,7540.2287,0.03105,163.89,2.6843,494.7911,0.5425,11.32,0.3039
39,146,2026-06-11,2026-06-18,OVPP/USDC,0x8857358a26254f8a1100434225495e633d496950,1153.82,1710.13,1431.97,4050.75,19.94,7540.2287,0.03105,163.89,1.3925,282.8785,0.4923,8.74,0.1217
39,146,2026-06-11,2026-06-18,UP/WETH,0x1110d6aa4fd324f2836d618609105bb8935bbf4a,1526.97,1564.79,1545.88,3181.44,34.97,7543.1462,0.03105,163.95,2.2621,205.8012,1.0992,9.43,0.2133
39,146,2026-06-11,2026-06-18,BASEAI/USDC,0xB38ebed77331641FfD84312f1f8bF0A4ae8BC2cC,328.53,113.18,220.85,180.26,6.72,4370.1583,0.03105,94.99,3.0427,81.6192,3.7279,2.33,0.0707
39,146,2026-06-11,2026-06-18,VELVET/WETH,0x77D190B97B20161345AC718c93f530E8a7A4800b,154.08,655.26,404.67,15960.46,155.77,3708.9944,0.03105,80.61,38.4931,3944.068,0.976,5.02,1.9323
39,146,2026-06-11,2026-06-18,MOCA/WETH,0x3e172Af5f0dcA7b8D183D2Ec7Bc14D8Cab2216A8,96.43,636.1,366.26,2488.65,9.8,3708.9944,0.03105,80.61,2.6757,679.4671,0.3938,4.54,0.1216
39,146,2026-06-11,2026-06-18,BIO/WETH,0x4BFf50D91BC2fDE06f31A91a781bd461f69e9BD8,92.27,1877.61,984.94,6028.43,30.36,3708.9944,0.03105,80.61,3.0824,612.0606,0.5036,12.22,0.3766
39,146,2026-06-11,2026-06-18,VVV/cbBTC,0xB651439c9B086c7B4399C623e54dEeBCb3905f17,98.51,98.51,98.51,7.06,0.02,0.0,0.03105,0.0,0.0203,7.1668,0.2833,0,0
39,146,2026-06-11,2026-06-18,cbADA/cbBTC,0xe8C3C7f1f845bc17E6964D42D84B21F97b12FCC0,92.2,92.2,92.2,2.18,0.0,0.0,0.03105,0.0,0.0,2.3644,0.0,0,0
40,147,2026-06-18,2026-06-25,USDC/VVV,0x02107bab40bba06ae979a15f67b5ad3853c5e116,24797.98,29268.92,27033.45,102164.55,359.17,57480.3984,0.03027,1217.95,1.3286,377.919,0.3516,22.2,0.2949
40,147,2026-06-18,2026-06-25,USDC/ZEN,0x415233bf9b9156d4f777d580e67c0a4e398a84c3,913.07,2257.51,1585.29,2739.15,8.12,1719.9646,0.03027,36.44,0.5122,172.7854,0.2964,43.5,0.2228
40,147,2026-06-18,2026-06-25,WETH/CHECK,0x567b69f72c0a2689c9be0cfba576af3caa896cb2,1005.49,44.04,524.76,490.46,2.72,312.2829,0.03027,6.62,0.5183,93.4628,0.5546,79.31,0.4111
40,147,2026-06-18,2026-06-25,WETH/NOCK,0x467a8846e7b54eac5d4d1cb2fdc9b8752212ff0e,2976.57,3859.5,3418.03,130794.79,538.27,22048.4525,0.03027,467.18,15.7479,3826.6077,0.4115,7.32,1.1522
40,147,2026-06-18,2026-06-25,LFI/USDC,0x53ab4c60ff04b782f630a8685af95404f099aafd,9350.06,10329.85,9839.95,23964.33,264.02,13855.243,0.03027,293.58,2.6831,243.5411,1.1017,33.52,0.8993
40,147,2026-06-18,2026-06-25,AORA/USDC,0x7b5b9ac36bef2e808a02568704f651c607634c4b,206.23,207.43,206.83,165.05,1.94,4484.4449,0.03027,95.02,0.938,79.7998,1.1754,2.18,0.0204
40,147,2026-06-18,2026-06-25,DRB/WETH,0xa9a12101beddf0950c65c32a915ae21db002623d,724.5,604.13,664.32,309.34,3.33,903.7325,0.03027,19.15,0.5013,46.5653,1.0765,34.69,0.1739
40,147,2026-06-18,2026-06-25,DIEM/USDC,0xe6D1dABdDDb884c20C0eFF3c50FBa364e6C14399,696.84,313.85,505.35,338.42,1.18,707.507,0.03027,14.99,0.2335,66.9681,0.3487,33.71,0.0787
40,147,2026-06-18,2026-06-25,HOME/USDC,0x3343646E7d40099F1456405859F6c28A40423BbD,1080.45,753.49,916.97,5485.7,36.4,3796.0985,0.03027,80.44,3.9696,598.242,0.6635,11.4,0.4525
40,147,2026-06-18,2026-06-25,AUKI/USDC,0x3c709ea8105174964a45ca913dc948f2b7477b66,2758.81,2360.71,2559.76,6973.71,34.8,5555.3319,0.03027,117.71,1.3595,272.4361,0.499,21.75,0.2956
40,147,2026-06-18,2026-06-25,FUN/WETH,0xbcbc4c1428632a176d4cbe0b7b891bf4ee6b3e09,2091.0,1403.03,1747.01,5005.99,28.92,5613.9093,0.03027,118.95,1.6554,286.5453,0.5777,14.69,0.2431
40,147,2026-06-18,2026-06-25,OVPP/USDC,0x8857358a26254f8a1100434225495e633d496950,1712.56,1206.25,1459.4,2076.61,10.38,5545.3842,0.03027,117.5,0.7112,142.2916,0.4999,12.42,0.0883
40,147,2026-06-18,2026-06-25,UP/WETH,0x1110d6aa4fd324f2836d618609105bb8935bbf4a,1572.13,1460.02,1516.08,2669.36,28.09,5561.8811,0.03027,117.85,1.8528,176.0704,1.0523,12.86,0.2384
40,147,2026-06-18,2026-06-25,BASEAI/USDC,0xB38ebed77331641FfD84312f1f8bF0A4ae8BC2cC,97.94,72.91,85.42,73.58,3.52,694.228,0.03027,14.71,4.1206,86.134,4.7839,5.81,0.2393
40,147,2026-06-18,2026-06-25,VELVET/WETH,0x77D190B97B20161345AC718c93f530E8a7A4800b,660.48,1820.29,1240.38,32878.48,199.29,8539.7273,0.03027,180.95,16.0668,2650.6673,0.6061,6.85,1.1014
40,147,2026-06-18,2026-06-25,MOCA/WETH,0x3e172Af5f0dcA7b8D183D2Ec7Bc14D8Cab2216A8,636.9,904.02,770.46,1515.62,5.36,5544.2864,0.03027,117.48,0.6957,196.7162,0.3537,6.56,0.0456
40,147,2026-06-18,2026-06-25,BIO/WETH,0x4BFf50D91BC2fDE06f31A91a781bd461f69e9BD8,1887.46,1167.85,1527.65,4202.65,21.54,5541.0071,0.03027,117.41,1.41,275.1047,0.5125,13.01,0.1835
40,147,2026-06-18,2026-06-25,VVV/cbBTC,0xB651439c9B086c7B4399C623e54dEeBCb3905f17,98.04,937.07,517.56,20048.35,60.2,3650.2106,0.03027,77.34,11.6316,3873.6656,0.3003,6.69,0.7783
40,147,2026-06-18,2026-06-25,cbADA/cbBTC,0xe8C3C7f1f845bc17E6964D42D84B21F97b12FCC0,92.2,1785.63,938.92,10712.43,19.94,3650.2106,0.03027,77.34,2.1237,1140.9371,0.1861,12.14,0.2578
40,147,2026-06-18,2026-06-25,DEGEN/USDC,0xd2dd277feeec88405db3741239b0a9a96d01692d,96.26,96.26,96.26,40.24,0.12,0.0,0.03027,0.0,0.1247,41.8034,0.2982,0,0
41,148,2026-06-25,2026-07-02,USDC/VVV,0x02107bab40bba06ae979a15f67b5ad3853c5e116,29268.92,24157.86,26713.39,81292.82,285.69,48805.8241,0.02935,1002.72,1.0695,304.3149,0.3514,26.64,0.2849
41,148,2026-06-25,2026-07-02,USDC/ZEN,0x415233bf9b9156d4f777d580e67c0a4e398a84c3,2257.51,2144.55,2201.03,3505.51,10.43,233.7239,0.02935,4.8,0.4739,159.2668,0.2975,458.37,2.1721
41,148,2026-06-25,2026-07-02,WETH/CHECK,0x567b69f72c0a2689c9be0cfba576af3caa896cb2,44.04,1502.07,773.05,21639.6,107.65,3742.1329,0.02935,76.88,13.9253,2799.2316,0.4975,10.06,1.4002
41,148,2026-06-25,2026-07-02,WETH/NOCK,0x467a8846e7b54eac5d4d1cb2fdc9b8752212ff0e,3859.5,5705.82,4782.66,85277.67,366.21,33259.5049,0.02935,683.32,7.657,1783.0594,0.4294,7.0,0.5359
41,148,2026-06-25,2026-07-02,LFI/USDC,0x53ab4c60ff04b782f630a8685af95404f099aafd,10329.85,19337.24,14833.55,25792.61,318.69,19196.9128,0.02935,394.4,2.1484,173.8803,1.2356,37.61,0.808
41,148,2026-06-25,2026-07-02,AORA/USDC,0x7b5b9ac36bef2e808a02568704f651c607634c4b,207.43,8.75,108.09,71.35,0.95,823.1603,0.02935,16.91,0.8789,66.0098,1.3315,6.39,0.0562
41,148,2026-06-25,2026-07-02,DRB/WETH,0xa9a12101beddf0950c65c32a915ae21db002623d,604.13,270.94,437.53,15.19,0.17,458.3192,0.02935,9.42,0.0389,3.4717,1.1192,46.47,0.0181
41,148,2026-06-25,2026-07-02,DIEM/USDC,0xe6D1dABdDDb884c20C0eFF3c50FBa364e6C14399,313.85,312.88,313.37,379.47,1.33,208.5849,0.02935,4.29,0.4244,121.0952,0.3505,73.12,0.3104
41,148,2026-06-25,2026-07-02,HOME/USDC,0x3343646E7d40099F1456405859F6c28A40423BbD,753.49,633.15,693.32,612.82,1.84,2710.9022,0.02935,55.7,0.2654,88.3892,0.3003,12.45,0.033
41,148,2026-06-25,2026-07-02,AUKI/USDC,0x3c709ea8105174964a45ca913dc948f2b7477b66,2360.71,2428.07,2394.39,6825.25,34.13,3625.7341,0.02935,74.49,1.4254,285.0517,0.5001,32.14,0.4582
41,148,2026-06-25,2026-07-02,FUN/WETH,0xbcbc4c1428632a176d4cbe0b7b891bf4ee6b3e09,1403.03,1295.36,1349.19,3947.13,19.77,2543.9153,0.02935,52.26,1.4653,292.5544,0.5009,25.81,0.3783
41,148,2026-06-25,2026-07-02,OVPP/USDC,0x8857358a26254f8a1100434225495e633d496950,1206.25,93.84,650.04,399.81,2.0,2113.4949,0.02935,43.42,0.3077,61.505,0.5002,14.97,0.0461
41,148,2026-06-25,2026-07-02,UP/WETH,0x1110d6aa4fd324f2836d618609105bb8935bbf4a,1460.02,609.77,1034.89,4374.44,53.24,2453.1351,0.02935,50.4,5.1445,422.6941,1.2171,20.53,1.0564
41,148,2026-06-25,2026-07-02,BASEAI/USDC,0xB38ebed77331641FfD84312f1f8bF0A4ae8BC2cC,72.91,0.2,36.55,21.03,0.96,149.5975,0.02935,3.07,2.6262,57.5297,4.5649,11.89,0.3123
41,148,2026-06-25,2026-07-02,VELVET/WETH,0x77D190B97B20161345AC718c93f530E8a7A4800b,1820.29,717.56,1268.92,29229.48,234.01,13016.8112,0.02935,267.43,18.4416,2303.4837,0.8006,4.74,0.875
41,148,2026-06-25,2026-07-02,MOCA/WETH,0x3e172Af5f0dcA7b8D183D2Ec7Bc14D8Cab2216A8,904.02,110.74,507.38,450.4,1.34,1949.4986,0.02935,40.05,0.2641,88.7698,0.2975,12.67,0.0335
41,148,2026-06-25,2026-07-02,BIO/WETH,0x4BFf50D91BC2fDE06f31A91a781bd461f69e9BD8,1167.85,232.36,700.11,1861.4,9.32,2391.3287,0.02935,49.13,1.3312,265.8744,0.5007,14.25,0.1897
41,148,2026-06-25,2026-07-02,VVV/cbBTC,0xB651439c9B086c7B4399C623e54dEeBCb3905f17,937.07,2166.45,1551.76,5669.44,17.04,5080.4991,0.02935,104.38,1.0981,365.3555,0.3006,14.87,0.1633
41,148,2026-06-25,2026-07-02,cbADA/cbBTC,0xe8C3C7f1f845bc17E6964D42D84B21F97b12FCC0,1785.63,2086.95,1936.29,803.14,1.77,4135.4242,0.02935,84.96,0.0914,41.4783,0.2204,22.79,0.0208
41,148,2026-06-25,2026-07-02,DEGEN/USDC,0xd2dd277feeec88405db3741239b0a9a96d01692d,96.26,1394.06,745.16,6624.47,20.06,3515.6784,0.02935,72.23,2.692,888.9997,0.3028,10.32,0.2777
42,149,2026-07-02,2026-07-09,USDC/VVV,0x02107bab40bba06ae979a15f67b5ad3853c5e116,24157.86,19596.68,21877.27,78586.68,276.76,24145.9787,0.02642,446.56,1.2651,359.2161,0.3522,48.99,0.6198
42,149,2026-07-02,2026-07-09,USDC/ZEN,0x415233bf9b9156d4f777d580e67c0a4e398a84c3,2144.55,2150.88,2147.72,4323.59,12.67,381.8461,0.02642,7.06,0.5899,201.3112,0.293,304.13,1.7941
42,149,2026-07-02,2026-07-09,WETH/CHECK,0x567b69f72c0a2689c9be0cfba576af3caa896cb2,1502.07,761.04,1131.55,4643.66,18.99,6408.0796,0.02642,118.51,1.6782,410.3786,0.4089,9.55,0.1602
42,149,2026-07-02,2026-07-09,WETH/NOCK,0x467a8846e7b54eac5d4d1cb2fdc9b8752212ff0e,5705.82,4666.73,5186.27,148467.65,611.04,39302.5064,0.02642,726.86,11.7819,2862.703,0.4116,7.14,0.8407
42,149,2026-07-02,2026-07-09,LFI/USDC,0x53ab4c60ff04b782f630a8685af95404f099aafd,19337.24,16831.41,18084.33,41522.48,494.51,25850.3861,0.02642,478.08,2.7345,229.6048,1.1909,37.83,1.0344
42,149,2026-07-02,2026-07-09,AORA/USDC,0x7b5b9ac36bef2e808a02568704f651c607634c4b,8.75,5.07,6.91,14.15,0.2,72.2742,0.02642,1.34,2.8944,204.7757,1.4134,5.17,0.1496
42,149,2026-07-02,2026-07-09,DRB/WETH,0xa9a12101beddf0950c65c32a915ae21db002623d,270.94,225.16,248.05,26.94,0.3,23.9861,0.02642,0.44,0.1209,10.8607,1.1136,559.18,0.6763
42,149,2026-07-02,2026-07-09,DIEM/USDC,0xe6D1dABdDDb884c20C0eFF3c50FBa364e6C14399,312.88,273.87,293.38,200.19,0.7,60.4601,0.02642,1.12,0.2386,68.2369,0.3497,262.38,0.626
42,149,2026-07-02,2026-07-09,HOME/USDC,0x3343646E7d40099F1456405859F6c28A40423BbD,633.15,34.95,334.05,54.27,0.16,905.1939,0.02642,16.74,0.0479,16.2461,0.2948,19.95,0.0096
42,149,2026-07-02,2026-07-09,AUKI/USDC,0x3c709ea8105174964a45ca913dc948f2b7477b66,2428.07,1564.14,1996.11,3226.98,16.33,2825.0099,0.02642,52.25,0.8181,161.6638,0.506,38.21,0.3126
42,149,2026-07-02,2026-07-09,FUN/WETH,0xbcbc4c1428632a176d4cbe0b7b891bf4ee6b3e09,1295.36,103.94,699.65,1988.05,9.95,1131.0627,0.02642,20.92,1.4221,284.1492,0.5005,33.45,0.4757
42,149,2026-07-02,2026-07-09,OVPP/USDC,0x8857358a26254f8a1100434225495e633d496950,93.84,44.79,69.31,22.6,0.12,316.9564,0.02642,5.86,0.1731,32.6048,0.531,11.82,0.0205
42,149,2026-07-02,2026-07-09,UP/WETH,0x1110d6aa4fd324f2836d618609105bb8935bbf4a,609.77,635.4,622.59,1953.67,21.52,1921.1916,0.02642,35.53,3.4566,313.7997,1.1015,17.52,0.6057
42,149,2026-07-02,2026-07-09,BASEAI/USDC,0xB38ebed77331641FfD84312f1f8bF0A4ae8BC2cC,0.2,0.2,0.2,33.58,1.63,164.6694,0.02642,3.05,815.0,16790.0,4.8541,0.07,0.5352
42,149,2026-07-02,2026-07-09,VELVET/WETH,0x77D190B97B20161345AC718c93f530E8a7A4800b,717.56,1799.48,1258.52,47017.07,364.14,19232.3019,0.02642,355.68,28.934,3735.9017,0.7745,3.54,1.0238
42,149,2026-07-02,2026-07-09,MOCA/WETH,0x3e172Af5f0dcA7b8D183D2Ec7Bc14D8Cab2216A8,110.74,95.37,103.06,4.64,0.02,163.8707,0.02642,3.03,0.0194,4.5025,0.431,34.0,0.0066
42,149,2026-07-02,2026-07-09,BIO/WETH,0x4BFf50D91BC2fDE06f31A91a781bd461f69e9BD8,232.36,333.64,283.0,166.37,0.83,726.5257,0.02642,13.44,0.2933,58.788,0.4989,21.06,0.0618
42,149,2026-07-02,2026-07-09,VVV/cbBTC,0xB651439c9B086c7B4399C623e54dEeBCb3905f17,2166.45,320.77,1243.61,1560.14,4.74,1771.678,0.02642,32.77,0.3811,125.4525,0.3038,37.95,0.1447
42,149,2026-07-02,2026-07-09,cbADA/cbBTC,0xe8C3C7f1f845bc17E6964D42D84B21F97b12FCC0,2086.95,23.97,1055.46,99.58,0.24,513.7805,0.02642,9.5,0.0227,9.4347,0.241,111.08,0.0253
42,149,2026-07-02,2026-07-09,DEGEN/USDC,0xd2dd277feeec88405db3741239b0a9a96d01692d,1394.06,676.99,1035.53,7941.13,22.87,6952.3393,0.02642,128.58,2.2085,766.8699,0.288,8.05,0.1779
42,149,2026-07-02,2026-07-09,REI/USDC,0x02b3df6178dd2f6b43ffa075c9477dd5bbf8fd10,91.82,802.53,447.17,22493.0,69.85,3420.4819,0.02642,63.26,15.6203,5030.0218,0.3105,7.07,1.1042
43,150,2026-07-09,2026-07-16,USDC/VVV,0x02107bab40bba06ae979a15f67b5ad3853c5e116,19530.32,25851.3,22690.81,45506.45,159.38,22403.059,0.02048,321.17,0.7024,200.5501,0.3502,70.65,0.4962
43,150,2026-07-09,2026-07-16,USDC/ZEN,0x415233bf9b9156d4f777d580e67c0a4e398a84c3,2156.05,2263.17,2209.61,3920.54,9.85,517.862,0.02048,7.42,0.4458,177.4313,0.2512,297.63,1.3268
43,150,2026-07-09,2026-07-16,WETH/CHECK,0x567b69f72c0a2689c9be0cfba576af3caa896cb2,767.18,279.47,523.33,633.94,2.23,3427.0808,0.02048,49.13,0.4261,121.137,0.3518,10.65,0.0454
43,150,2026-07-09,2026-07-16,WETH/NOCK,0x467a8846e7b54eac5d4d1cb2fdc9b8752212ff0e,4427.55,3965.47,4196.51,127472.28,597.19,42783.5069,0.02048,613.34,14.2306,3037.5784,0.4685,6.84,0.9737
43,150,2026-07-09,2026-07-16,LFI/USDC,0x53ab4c60ff04b782f630a8685af95404f099aafd,16798.68,22109.05,19453.86,69845.87,967.94,43549.5515,0.02048,624.33,4.9756,359.0334,1.3858,31.16,1.5504
43,150,2026-07-09,2026-07-16,AORA/USDC,0x7b5b9ac36bef2e808a02568704f651c607634c4b,5.07,1.73,3.4,6.96,0.09,23.2171,0.02048,0.33,2.6471,204.7059,1.2931,10.22,0.2704
43,150,2026-07-09,2026-07-16,DRB/WETH,0xa9a12101beddf0950c65c32a915ae21db002623d,225.16,230.97,228.06,19.96,0.22,0.0,0.02048,0.0,0.0965,8.7519,1.1022,0,0
43,150,2026-07-09,2026-07-16,DIEM/USDC,0xe6D1dABdDDb884c20C0eFF3c50FBa364e6C14399,273.87,0.11,136.99,57.77,0.19,23.2171,0.02048,0.33,0.1387,42.171,0.3289,411.58,0.5708
43,150,2026-07-09,2026-07-16,HOME/USDC,0x3343646E7d40099F1456405859F6c28A40423BbD,34.95,0.23,17.59,1.01,0.0,22.4298,0.02048,0.32,0.0,5.7419,0.0,54.7,0.0
43,150,2026-07-09,2026-07-16,AUKI/USDC,0x3c709ea8105174964a45ca913dc948f2b7477b66,1583.09,1473.21,1528.15,2959.49,14.09,1407.0947,0.02048,20.17,0.922,193.6649,0.4761,75.76,0.6985
43,150,2026-07-09,2026-07-16,FUN/WETH,0xbcbc4c1428632a176d4cbe0b7b891bf4ee6b3e09,103.59,127.93,115.76,338.1,1.69,778.3153,0.02048,11.16,1.4599,292.0698,0.4999,10.37,0.1515
43,150,2026-07-09,2026-07-16,OVPP/USDC,0x8857358a26254f8a1100434225495e633d496950,44.79,42.93,43.86,15.62,0.07,28.5668,0.02048,0.41,0.1596,35.6133,0.4481,107.1,0.1709
43,150,2026-07-09,2026-07-16,UP/WETH,0x1110d6aa4fd324f2836d618609105bb8935bbf4a,635.59,670.3,652.94,1760.72,18.85,1838.1563,0.02048,26.35,2.8869,269.6582,1.0706,24.78,0.7153
43,150,2026-07-09,2026-07-16,BASEAI/USDC,0xB38ebed77331641FfD84312f1f8bF0A4ae8BC2cC,0.2,0.05,0.12,1.03,0.05,196.2911,0.02048,2.81,40.0,824.0,4.8544,0.04,0.0178
43,150,2026-07-09,2026-07-16,VELVET/WETH,0x77D190B97B20161345AC718c93f530E8a7A4800b,1798.59,2900.34,2349.47,83773.74,627.79,21500.8874,0.02048,308.24,26.7206,3565.6518,0.7494,7.62,2.0367
43,150,2026-07-09,2026-07-16,MOCA/WETH,0x3e172Af5f0dcA7b8D183D2Ec7Bc14D8Cab2216A8,95.37,102.57,98.97,10.66,0.05,49.664,0.02048,0.71,0.0505,10.7709,0.469,139.01,0.0702
43,150,2026-07-09,2026-07-16,BIO/WETH,0x4BFf50D91BC2fDE06f31A91a781bd461f69e9BD8,333.64,0.21,166.92,9.18,0.05,167.2098,0.02048,2.4,0.03,5.4995,0.5447,69.64,0.0209
43,150,2026-07-09,2026-07-16,VVV/cbBTC,0xB651439c9B086c7B4399C623e54dEeBCb3905f17,320.77,3594.12,1957.44,4573.02,13.63,521.9824,0.02048,7.48,0.6963,233.6219,0.2981,261.58,1.8214
43,150,2026-07-09,2026-07-16,cbADA/cbBTC,0xe8C3C7f1f845bc17E6964D42D84B21F97b12FCC0,23.97,14.97,19.47,5.27,0.01,36.8737,0.02048,0.53,0.0514,27.0673,0.1898,36.83,0.0189
43,150,2026-07-09,2026-07-16,DEGEN/USDC,0xd2dd277feeec88405db3741239b0a9a96d01692d,677.92,755.91,716.91,2470.43,4.98,6754.0643,0.02048,96.83,0.6946,344.5918,0.2016,7.4,0.0514
43,150,2026-07-09,2026-07-16,REI/USDC,0x02b3df6178dd2f6b43ffa075c9477dd5bbf8fd10,810.19,857.33,833.76,8100.78,23.37,5512.8261,0.02048,79.03,2.803,971.5961,0.2885,10.55,0.2957
43,150,2026-07-09,2026-07-16,CX/WETH,0xc83418f1acad06914455d931785aedadb1617def,93.62,548.29,320.95,3143.1,19.82,3303.3684,0.02048,47.36,6.1753,979.2962,0.6306,6.78,0.4185
44,151,2026-07-16,2026-07-23,USDC/VVV,0x02107bab40bba06ae979a15f67b5ad3853c5e116,25686.02,18459.1,22072.56,29595.68,103.79,19398.1924,0.02068,280.81,0.4702,134.0836,0.3507,78.6,0.3696
44,151,2026-07-16,2026-07-23,USDC/ZEN,0x415233bf9b9156d4f777d580e67c0a4e398a84c3,2263.17,2116.93,2190.05,1719.8,3.59,554.1988,0.02068,8.02,0.1639,78.5279,0.2087,272.99,0.4475
44,151,2026-07-16,2026-07-23,WETH/CHECK,0x567b69f72c0a2689c9be0cfba576af3caa896cb2,279.47,134.65,207.06,638.19,2.56,568.8325,0.02068,8.23,1.2364,308.215,0.4011,25.15,0.3109
44,151,2026-07-16,2026-07-23,WETH/NOCK,0x467a8846e7b54eac5d4d1cb2fdc9b8752212ff0e,3922.79,2863.13,3392.96,54673.05,264.02,45884.6568,0.02068,664.23,7.7814,1611.3674,0.4829,5.11,0.3975
44,151,2026-07-16,2026-07-23,LFI/USDC,0x53ab4c60ff04b782f630a8685af95404f099aafd,22198.16,6468.42,14333.29,53918.03,717.0,41886.345,0.02068,606.35,5.0023,376.1734,1.3298,23.64,1.1825
44,151,2026-07-16,2026-07-23,AORA/USDC,0x7b5b9ac36bef2e808a02568704f651c607634c4b,1.73,0.27,1.0,1.07,0.01,0.0,0.02068,0.0,1.0,107.0,0.9346,0,0
44,151,2026-07-16,2026-07-23,DRB/WETH,0xa9a12101beddf0950c65c32a915ae21db002623d,227.77,223.99,225.88,28.18,0.31,3.8704,0.02068,0.06,0.1372,12.4757,1.1001,4031.59,5.533
44,151,2026-07-16,2026-07-23,DIEM/USDC,0xe6D1dABdDDb884c20C0eFF3c50FBa364e6C14399,0.11,0.13,0.12,0.02,0.0,0.0,0.02068,0.0,0.0,16.6667,0.0,0,0
44,151,2026-07-16,2026-07-23,HOME/USDC,0x3343646E7d40099F1456405859F6c28A40423BbD,0.23,0.09,0.16,0.27,0.0,0.0,0.02068,0.0,0.0,168.75,0.0,0,0
44,151,2026-07-16,2026-07-23,AUKI/USDC,0x3c709ea8105174964a45ca913dc948f2b7477b66,1473.21,1128.63,1300.92,1665.27,7.97,825.9913,0.02068,11.96,0.6126,128.0071,0.4786,108.8,0.6666
44,151,2026-07-16,2026-07-23,FUN/WETH,0xbcbc4c1428632a176d4cbe0b7b891bf4ee6b3e09,127.93,42.23,85.08,290.25,1.45,328.0668,0.02068,4.75,1.7043,341.1495,0.4996,17.91,0.3053
44,151,2026-07-16,2026-07-23,OVPP/USDC,0x8857358a26254f8a1100434225495e633d496950,42.57,0.15,21.36,2.4,0.01,0.0,0.02068,0.0,0.0468,11.236,0.4167,0,0
44,151,2026-07-16,2026-07-23,UP/WETH,0x1110d6aa4fd324f2836d618609105bb8935bbf4a,670.11,664.84,667.48,565.56,5.99,1114.5973,0.02068,16.13,0.8974,84.7313,1.0591,41.37,0.3712
44,151,2026-07-16,2026-07-23,VELVET/WETH,0x77D190B97B20161345AC718c93f530E8a7A4800b,2865.23,5179.13,4022.18,82077.04,411.61,31321.2108,0.02068,453.41,10.2335,2040.6108,0.5015,8.87,0.9078
44,151,2026-07-16,2026-07-23,MOCA/WETH,0x3e172Af5f0dcA7b8D183D2Ec7Bc14D8Cab2216A8,102.57,101.27,101.92,2.27,0.01,0.0,0.02068,0.0,0.0098,2.2272,0.4405,0,0
44,151,2026-07-16,2026-07-23,BIO/WETH,0x4BFf50D91BC2fDE06f31A91a781bd461f69e9BD8,0.21,0.21,0.21,0.03,0.0,0.0,0.02068,0.0,0.0,14.2857,0.0,0,0
44,151,2026-07-16,2026-07-23,VVV/cbBTC,0xB651439c9B086c7B4399C623e54dEeBCb3905f17,3574.55,312.02,1943.29,894.9,2.67,392.4207,0.02068,5.68,0.1374,46.0509,0.2984,342.09,0.47
44,151,2026-07-16,2026-07-23,cbADA/cbBTC,0xe8C3C7f1f845bc17E6964D42D84B21F97b12FCC0,14.97,0.89,7.93,6.13,0.01,8.3068,0.02068,0.12,0.1261,77.3014,0.1631,65.95,0.0832
44,151,2026-07-16,2026-07-23,DEGEN/USDC,0xd2dd277feeec88405db3741239b0a9a96d01692d,755.91,364.61,560.26,2895.37,10.68,6518.0104,0.02068,94.35,1.9063,516.7904,0.3689,5.94,0.1132
44,151,2026-07-16,2026-07-23,REI/USDC,0x02b3df6178dd2f6b43ffa075c9477dd5bbf8fd10,857.6,302.58,580.09,5114.06,15.35,4106.6585,0.02068,59.45,2.6461,881.5977,0.3002,9.76,0.2582
44,151,2026-07-16,2026-07-23,CX/WETH,0xc83418f1acad06914455d931785aedadb1617def,544.29,14.95,279.62,1275.5,4.88,4903.6719,0.02068,70.99,1.7452,456.1548,0.3826,3.94,0.0687
44,151,2026-07-16,2026-07-23,USDC/PLAY,0x4cde01601c64134de101fa4d776b76c6eee1d697,99.53,103.0,101.27,36.5,0.11,0.0,0.02068,0.0,0.1086,36.044,0.3014,0,0
44,151,2026-07-16,2026-07-23,BASEAI/USDC,0xB38ebed77331641FfD84312f1f8bF0A4ae8BC2cC,0,0,0,0,0,37.1996,0.02175,0.57,0,0,0,0.0,0.0
45,152,2026-07-23,2026-07-30,USDC/VVV,0x02107bab40bba06ae979a15f67b5ad3853c5e116,18400.9,14377.73,16389.32,27153.11,95.28,11038.7196,0.01813,140.09,0.5814,165.6757,0.3509,116.99,0.6801
45,152,2026-07-23,2026-07-30,USDC/ZEN,0x415233bf9b9156d4f777d580e67c0a4e398a84c3,2116.93,1939.59,2028.26,1140.2,2.83,343.6268,0.01813,4.36,0.1395,56.2157,0.2482,465.09,0.6489
45,152,2026-07-23,2026-07-30,WETH/CHECK,0x567b69f72c0a2689c9be0cfba576af3caa896cb2,134.65,0.01,67.33,3197.76,13.1,113.2294,0.01813,1.44,19.4564,4749.3836,0.4097,46.85,9.1162
45,152,2026-07-23,2026-07-30,WETH/NOCK,0x467a8846e7b54eac5d4d1cb2fdc9b8752212ff0e,2912.06,1689.66,2300.86,37380.56,168.33,34582.1296,0.01813,438.88,7.316,1624.6343,0.4503,5.24,0.3835
45,152,2026-07-23,2026-07-30,LFI/USDC,0x53ab4c60ff04b782f630a8685af95404f099aafd,6525.43,14508.63,10517.03,17846.63,196.81,93721.9822,0.01813,1189.43,1.8713,169.6927,1.1028,8.84,0.1655
45,152,2026-07-23,2026-07-30,AORA/USDC,0x7b5b9ac36bef2e808a02568704f651c607634c4b,0.27,0.26,0.27,1.2,0.02,0.0,0.01813,0.0,7.5472,452.8302,1.6667,0,0
45,152,2026-07-23,2026-07-30,DRB/WETH,0xa9a12101beddf0950c65c32a915ae21db002623d,223.99,236.59,230.29,37.19,0.41,14.183,0.01813,0.18,0.178,16.1492,1.1024,1279.42,2.2778
45,152,2026-07-23,2026-07-30,DIEM/USDC,0xe6D1dABdDDb884c20C0eFF3c50FBa364e6C14399,0.13,0.13,0.13,0.06,0.0,0.0,0.01813,0.0,0.0,46.1538,0.0,0,0
45,152,2026-07-23,2026-07-30,HOME/USDC,0x3343646E7d40099F1456405859F6c28A40423BbD,0.09,0.08,0.08,0.02,0.0,0.0,0.01813,0.0,0.0,23.5294,0.0,0,0
45,152,2026-07-23,2026-07-30,AUKI/USDC,0x3c709ea8105174964a45ca913dc948f2b7477b66,1128.63,1080.89,1104.76,3001.34,14.78,769.5764,0.01813,9.77,1.3378,271.6735,0.4924,113.12,1.5133
45,152,2026-07-23,2026-07-30,FUN/WETH,0xbcbc4c1428632a176d4cbe0b7b891bf4ee6b3e09,42.22,10.65,26.43,85.4,0.43,73.5256,0.01813,0.93,1.6266,323.0566,0.5035,28.33,0.4608
45,152,2026-07-23,2026-07-30,OVPP/USDC,0x8857358a26254f8a1100434225495e633d496950,0.15,0.11,0.13,0.05,0.0,0.0,0.01813,0.0,0.0,38.4615,0.0,0,0
45,152,2026-07-23,2026-07-30,UP/WETH,0x1110d6aa4fd324f2836d618609105bb8935bbf4a,664.84,680.04,672.44,1464.06,15.77,812.7124,0.01813,10.31,2.3452,217.7235,1.0771,65.2,1.529
45,152,2026-07-23,2026-07-30,BASEAI/USDC,0xB38ebed77331641FfD84312f1f8bF0A4ae8BC2cC,0.05,0.11,0.08,0.06,0.0,0.0,0.01813,0.0,0.0,75.0,0.0,0,0
45,152,2026-07-23,2026-07-30,VELVET/WETH,0x77D190B97B20161345AC718c93f530E8a7A4800b,5150.16,6677.29,5913.73,42624.97,267.58,40500.8061,0.01813,514.0,4.5247,720.7804,0.6278,11.51,0.5206
45,152,2026-07-23,2026-07-30,MOCA/WETH,0x3e172Af5f0dcA7b8D183D2Ec7Bc14D8Cab2216A8,101.27,5.42,53.34,3.73,0.02,0.0,0.01813,0.0,0.0375,6.9922,0.5362,0,0
45,152,2026-07-23,2026-07-30,BIO/WETH,0x4BFf50D91BC2fDE06f31A91a781bd461f69e9BD8,0.21,0.19,0.2,0.02,0.0,0.0,0.01813,0.0,0.0,10.0,0.0,0,0
45,152,2026-07-23,2026-07-30,VVV/cbBTC,0xB651439c9B086c7B4399C623e54dEeBCb3905f17,312.02,317.84,314.93,169.29,0.51,439.3098,0.01813,5.58,0.1619,53.7548,0.3013,56.49,0.0915
45,152,2026-07-23,2026-07-30,cbADA/cbBTC,0xe8C3C7f1f845bc17E6964D42D84B21F97b12FCC0,0,0,0,0,0,0.0,0.01813,0.0,0,0,0,0,0
45,152,2026-07-23,2026-07-30,DEGEN/USDC,0xd2dd277feeec88405db3741239b0a9a96d01692d,364.61,144.57,254.59,352.38,1.05,3573.6719,0.01813,45.35,0.4124,138.4108,0.298,5.61,0.0232
45,152,2026-07-23,2026-07-30,REI/USDC,0x02b3df6178dd2f6b43ffa075c9477dd5bbf8fd10,302.63,575.79,439.21,7002.41,20.93,5137.1285,0.01813,65.2,4.7654,1594.3193,0.2989,6.74,0.321
45,152,2026-07-23,2026-07-30,CX/WETH,0xc83418f1acad06914455d931785aedadb1617def,11.78,596.61,304.19,1457.9,6.22,4699.0643,0.01813,59.64,2.0447,479.2649,0.4266,5.1,0.1043
45,152,2026-07-23,2026-07-30,USDC/PLAY,0x4cde01601c64134de101fa4d776b76c6eee1d697,102.81,494.08,298.44,2816.0,8.33,3098.7608,0.01813,39.33,2.7911,943.5574,0.2958,7.59,0.2118
46,153,2026-07-30,2026-08-06,USDC/VVV,0x02107bab40bba06ae979a15f67b5ad3853c5e116,14377.73,13498.13,13937.93,22459.72,78.02,11262.6397,0.01601,126.22,0.5598,161.141,0.3474,110.43,0.6181
46,153,2026-07-30,2026-08-06,USDC/ZEN,0x415233bf9b9156d4f777d580e67c0a4e398a84c3,1939.59,2087.26,2013.43,2519.17,6.36,191.3127,0.01601,2.14,0.3159,125.1186,0.2525,939.08,2.9664
46,153,2026-07-30,2026-08-06,WETH/CHECK,0x567b69f72c0a2689c9be0cfba576af3caa896cb2,0.01,7.7,3.85,1019.02,4.07,449.9823,0.01601,5.04,105.5772,26433.7224,0.3994,0.76,0.8071
46,153,2026-07-30,2026-08-06,WETH/NOCK,0x467a8846e7b54eac5d4d1cb2fdc9b8752212ff0e,1689.66,842.79,1266.22,13992.89,56.07,21521.3569,0.01601,241.19,4.4281,1105.0872,0.4007,5.25,0.2325
46,153,2026-07-30,2026-08-06,LFI/USDC,0x53ab4c60ff04b782f630a8685af95404f099aafd,14508.63,11461.42,12985.02,22806.58,261.84,87609.9915,0.01601,981.85,2.0165,175.6376,1.1481,13.23,0.2667
46,153,2026-07-30,2026-08-06,AORA/USDC,0x7b5b9ac36bef2e808a02568704f651c607634c4b,0.26,0.24,0.25,0.09,0.0,12.8125,0.01601,0.14,0.0,36.0,0.0,1.74,0.0
46,153,2026-07-30,2026-08-06,DRB/WETH,0xa9a12101beddf0950c65c32a915ae21db002623d,236.59,211.38,223.99,32.76,0.36,11.2196,0.01601,0.13,0.1607,14.626,1.0989,1781.35,2.8631
46,153,2026-07-30,2026-08-06,DIEM/USDC,0xe6D1dABdDDb884c20C0eFF3c50FBa364e6C14399,0.13,0.12,0.12,0.01,0.0,0.0,0.01601,0.0,0.0,8.0,0.0,0,0
46,153,2026-07-30,2026-08-06,HOME/USDC,0x3343646E7d40099F1456405859F6c28A40423BbD,0.08,0.11,0.1,0.05,0.0,0.0,0.01601,0.0,0.0,52.6316,0.0,0,0
46,153,2026-07-30,2026-08-06,AUKI/USDC,0x3c709ea8105174964a45ca913dc948f2b7477b66,1080.89,1015.46,1048.18,2849.9,14.2,706.7621,0.01601,7.92,1.3547,271.8916,0.4983,132.33,1.7928
46,153,2026-07-30,2026-08-06,FUN/WETH,0xbcbc4c1428632a176d4cbe0b7b891bf4ee6b3e09,10.65,4.64,7.64,24.78,0.12,43.9034,0.01601,0.49,1.5697,324.1334,0.4843,15.54,0.2439
46,153,2026-07-30,2026-08-06,OVPP/USDC,0x8857358a26254f8a1100434225495e633d496950,0.11,0.06,0.08,0.05,0.0,0.0,0.01601,0.0,0.0,58.8235,0.0,0,0
46,153,2026-07-30,2026-08-06,UP/WETH,0x1110d6aa4fd324f2836d618609105bb8935bbf4a,680.04,674.65,677.35,813.91,8.69,796.2042,0.01601,8.92,1.283,120.1618,1.0677,75.91,0.9739
46,153,2026-07-30,2026-08-06,BASEAI/USDC,0xB38ebed77331641FfD84312f1f8bF0A4ae8BC2cC,0,0,0,0,0,0.0,0.01601,0.0,0,0,0,0,0
46,153,2026-07-30,2026-08-06,VELVET/WETH,0x77D190B97B20161345AC718c93f530E8a7A4800b,6677.29,3498.0,5087.65,26127.92,131.39,33194.0627,0.01601,372.01,2.5825,513.5563,0.5029,13.68,0.3532
46,153,2026-07-30,2026-08-06,MOCA/WETH,0x3e172Af5f0dcA7b8D183D2Ec7Bc14D8Cab2216A8,5.42,5.13,5.28,0.5,0.0,0.0,0.01601,0.0,0.0,9.4787,0.0,0,0
46,153,2026-07-30,2026-08-06,BIO/WETH,0x4BFf50D91BC2fDE06f31A91a781bd461f69e9BD8,0.19,0.2,0.2,0.01,0.0,0.0,0.01601,0.0,0.0,5.1282,0.0,0,0
46,153,2026-07-30,2026-08-06,VVV/cbBTC,0xB651439c9B086c7B4399C623e54dEeBCb3905f17,317.84,297.47,307.65,71.73,0.19,240.7822,0.01601,2.7,0.0618,23.3151,0.2649,114.01,0.0704
46,153,2026-07-30,2026-08-06,cbADA/cbBTC,0xe8C3C7f1f845bc17E6964D42D84B21F97b12FCC0,0,0,0,0,0,0.0,0.01601,0.0,0,0,0,0,0
46,153,2026-07-30,2026-08-06,DEGEN/USDC,0xd2dd277feeec88405db3741239b0a9a96d01692d,144.57,2.01,73.29,36.67,0.11,374.7278,0.01601,4.2,0.1501,50.0341,0.3,17.45,0.0262
46,153,2026-07-30,2026-08-06,REI/USDC,0x02b3df6178dd2f6b43ffa075c9477dd5bbf8fd10,575.79,796.14,685.96,9805.43,19.7,6122.8855,0.01601,68.62,2.8719,1429.4359,0.2009,10.0,0.2871
46,153,2026-07-30,2026-08-06,CX/WETH,0xc83418f1acad06914455d931785aedadb1617def,596.61,170.39,383.5,2579.91,10.0,6098.8321,0.01601,68.35,2.6076,672.7275,0.3876,5.61,0.1463
46,153,2026-07-30,2026-08-06,USDC/PLAY,0x4cde01601c64134de101fa4d776b76c6eee1d697,494.08,335.89,414.99,2689.2,7.75,6098.8321,0.01601,68.35,1.8675,648.0234,0.2882,6.07,0.1134
47,154,2026-08-06,2026-08-13,USDC/VVV,0x02107bab40bba06ae979a15f67b5ad3853c5e116,13498.13,13481.37,13489.75,17817.62,61.13,9237.9933,0.01392,90.02,0.4532,132.0827,0.3431,149.86,0.6791
47,154,2026-08-06,2026-08-13,USDC/ZEN,0x415233bf9b9156d4f777d580e67c0a4e398a84c3,2087.26,2054.4,2070.83,2197.22,5.2,223.7575,0.01392,2.18,0.2511,106.1033,0.2367,949.79,2.385
47,154,2026-08-06,2026-08-13,WETH/CHECK,0x567b69f72c0a2689c9be0cfba576af3caa896cb2,7.7,3.27,5.49,368.34,1.49,524.2123,0.01392,5.11,27.165,6715.4057,0.4045,1.07,0.2917
47,154,2026-08-06,2026-08-13,WETH/NOCK,0x467a8846e7b54eac5d4d1cb2fdc9b8752212ff0e,842.79,473.87,658.33,3522.62,15.18,10488.6417,0.01392,102.2,2.3058,535.0842,0.4309,6.44,0.1485
47,154,2026-08-06,2026-08-13,LFI/USDC,0x53ab4c60ff04b782f630a8685af95404f099aafd,11461.42,8455.62,9958.52,10972.69,121.89,23726.04,0.01392,231.19,1.224,110.1839,1.1108,43.08,0.5272
47,154,2026-08-06,2026-08-13,AORA/USDC,0x7b5b9ac36bef2e808a02568704f651c607634c4b,0.24,0.22,0.23,0.24,0.0,12.8125,0.01392,0.12,0.0,104.3478,0.0,1.84,0.0
47,154,2026-08-06,2026-08-13,DRB/WETH,0xa9a12101beddf0950c65c32a915ae21db002623d,211.38,208.86,210.12,22.88,0.25,5.2666,0.01392,0.05,0.119,10.889,1.0927,4094.51,4.8716
47,154,2026-08-06,2026-08-13,DIEM/USDC,0xe6D1dABdDDb884c20C0eFF3c50FBa364e6C14399,0,0,0,0,0,0.0,0.01392,0.0,0,0,0,0,0
47,154,2026-08-06,2026-08-13,HOME/USDC,0x3343646E7d40099F1456405859F6c28A40423BbD,0.11,0.09,0.1,0.08,0.0,0.0,0.01392,0.0,0.0,80.0,0.0,0,0
47,154,2026-08-06,2026-08-13,AUKI/USDC,0x3c709ea8105174964a45ca913dc948f2b7477b66,1015.46,1017.03,1016.25,3392.4,15.81,1021.4058,0.01392,9.95,1.5557,333.8171,0.466,102.11,1.5885
47,154,2026-08-06,2026-08-13,FUN/WETH,0xbcbc4c1428632a176d4cbe0b7b891bf4ee6b3e09,4.64,1.19,2.92,0.83,0.0,1.1972,0.01392,0.01,0.0,28.4734,0.0,249.89,0.0
47,154,2026-08-06,2026-08-13,OVPP/USDC,0x8857358a26254f8a1100434225495e633d496950,0,0,0,0,0,0.0,0.01392,0.0,0,0,0,0,0
47,154,2026-08-06,2026-08-13,UP/WETH,0x1110d6aa4fd324f2836d618609105bb8935bbf4a,674.65,632.16,653.4,462.19,4.72,921.3773,0.01392,8.98,0.7224,70.7356,1.0212,72.78,0.5257
47,154,2026-08-06,2026-08-13,BASEAI/USDC,0xB38ebed77331641FfD84312f1f8bF0A4ae8BC2cC,0,0,0,0,0,0.0,0.01392,0.0,0,0,0,0,0
47,154,2026-08-06,2026-08-13,VELVET/WETH,0x77D190B97B20161345AC718c93f530E8a7A4800b,3498.0,923.96,2210.98,9300.72,54.75,19635.7712,0.01392,191.33,2.4763,420.6605,0.5887,11.56,0.2862
47,154,2026-08-06,2026-08-13,MOCA/WETH,0x3e172Af5f0dcA7b8D183D2Ec7Bc14D8Cab2216A8,0,0,0,0,0,0.0,0.01392,0.0,0,0,0,0,0
47,154,2026-08-06,2026-08-13,BIO/WETH,0x4BFf50D91BC2fDE06f31A91a781bd461f69e9BD8,0.2,0.21,0.21,0.01,0.0,0.0,0.01392,0.0,0.0,4.878,0.0,0,0
47,154,2026-08-06,2026-08-13,VVV/cbBTC,0xB651439c9B086c7B4399C623e54dEeBCb3905f17,297.47,138.23,217.85,34.04,0.1,13.7353,0.01392,0.13,0.0459,15.6254,0.2938,1627.73,0.7472
47,154,2026-08-06,2026-08-13,cbADA/cbBTC,0xe8C3C7f1f845bc17E6964D42D84B21F97b12FCC0,0.66,0.67,0.67,0.02,0.0,0.0,0.01392,0.0,0.0,3.0075,0.0,0,0
47,154,2026-08-06,2026-08-13,DEGEN/USDC,0xd2dd277feeec88405db3741239b0a9a96d01692d,2.01,1.84,1.92,0.9,0.0,7.2967,0.01392,0.07,0.0,46.7532,0.0,27.07,0.0
47,154,2026-08-06,2026-08-13,REI/USDC,0x02b3df6178dd2f6b43ffa075c9477dd5bbf8fd10,796.14,429.47,612.81,7185.46,28.99,5882.1362,0.01392,57.32,4.7307,1172.5524,0.4035,10.69,0.5058
47,154,2026-08-06,2026-08-13,CX/WETH,0xc83418f1acad06914455d931785aedadb1617def,170.39,160.47,165.43,648.03,4.15,5892.4227,0.01392,57.42,2.5086,391.7246,0.6404,2.88,0.0723
47,154,2026-08-06,2026-08-13,USDC/PLAY,0x4cde01601c64134de101fa4d776b76c6eee1d697,335.89,282.93,309.41,1119.18,3.2,5885.8197,0.01392,57.35,1.0342,361.7142,0.2859,5.39,0.0558
48,155,2026-08-13,2026-08-20,USDC/VVV,0x02107bab40bba06ae979a15f67b5ad3853c5e116,13481.37,15432.07,14456.72,39371.42,138.13,7107.3128,0.02984,141.01,0.9555,272.3399,0.3508,102.52,0.9796
48,155,2026-08-13,2026-08-20,USDC/ZEN,0x415233bf9b9156d4f777d580e67c0a4e398a84c3,2054.4,2119.45,2086.93,2248.03,4.49,389.8918,0.02984,7.74,0.2151,107.7197,0.1997,269.79,0.5804
48,155,2026-08-13,2026-08-20,WETH/CHECK,0x567b69f72c0a2689c9be0cfba576af3caa896cb2,3.27,82.98,43.12,621.85,2.54,194.0314,0.02984,3.85,5.8899,1441.971,0.4085,11.2,0.6598
48,155,2026-08-13,2026-08-20,WETH/NOCK,0x467a8846e7b54eac5d4d1cb2fdc9b8752212ff0e,473.87,221.45,347.66,1420.05,7.43,5938.1112,0.02984,117.81,2.1371,408.4594,0.5232,2.95,0.0631
48,155,2026-08-13,2026-08-20,LFI/USDC,0x53ab4c60ff04b782f630a8685af95404f099aafd,8455.62,33621.15,21038.39,139430.36,1798.15,21478.5167,0.02984,426.13,8.547,662.7427,1.2896,49.37,4.2197
48,155,2026-08-13,2026-08-20,AORA/USDC,0x7b5b9ac36bef2e808a02568704f651c607634c4b,0,0,0,0,0,0.0,0.02984,0.0,0,0,0,0,0
48,155,2026-08-13,2026-08-20,DRB/WETH,0xa9a12101beddf0950c65c32a915ae21db002623d,208.86,283.48,246.17,35.09,0.38,4.6396,0.02984,0.09,0.1544,14.2544,1.0829,2674.33,4.1282
48,155,2026-08-13,2026-08-20,DIEM/USDC,0xe6D1dABdDDb884c20C0eFF3c50FBa364e6C14399,0.12,0.12,0.12,0.02,0.0,0.0,0.02984,0.0,0.0,16.6667,0.0,0,0
48,155,2026-08-13,2026-08-20,HOME/USDC,0x3343646E7d40099F1456405859F6c28A40423BbD,0.09,0.08,0.08,0.07,0.0,0.0,0.02984,0.0,0.0,82.3529,0.0,0,0
48,155,2026-08-13,2026-08-20,AUKI/USDC,0x3c709ea8105174964a45ca913dc948f2b7477b66,1017.03,1074.69,1045.86,2977.33,13.76,1179.483,0.02984,23.4,1.3157,284.6777,0.4622,44.69,0.588
48,155,2026-08-13,2026-08-20,FUN/WETH,0xbcbc4c1428632a176d4cbe0b7b891bf4ee6b3e09,1.19,0.11,0.65,0.36,0.0,0.2901,0.02984,0.01,0.0,55.3846,0.0,112.94,0.0
48,155,2026-08-13,2026-08-20,OVPP/USDC,0x8857358a26254f8a1100434225495e633d496950,0,0,0,0,0,0.0,0.02984,0.0,0,0,0,0,0
48,155,2026-08-13,2026-08-20,UP/WETH,0x1110d6aa4fd324f2836d618609105bb8935bbf4a,632.16,568.55,600.36,579.39,5.9,584.5158,0.02984,11.6,0.9828,96.5079,1.0183,51.77,0.5088
48,155,2026-08-13,2026-08-20,BASEAI/USDC,0xB38ebed77331641FfD84312f1f8bF0A4ae8BC2cC,0.11,0.13,0.12,0.74,0.04,0.0,0.02984,0.0,33.3333,616.6667,5.4054,0,0
48,155,2026-08-13,2026-08-20,VELVET/WETH,0x77D190B97B20161345AC718c93f530E8a7A4800b,923.96,736.42,830.19,5013.39,40.82,11681.2922,0.02984,231.76,4.9169,603.8847,0.8142,3.58,0.1761
48,155,2026-08-13,2026-08-20,MOCA/WETH,0x3e172Af5f0dcA7b8D183D2Ec7Bc14D8Cab2216A8,5.13,5.73,5.43,0.92,0.0,0.0,0.02984,0.0,0.0,16.9429,0.0,0,0
48,155,2026-08-13,2026-08-20,BIO/WETH,0x4BFf50D91BC2fDE06f31A91a781bd461f69e9BD8,0.21,0.2,0.21,0.01,0.0,0.0,0.02984,0.0,0.0,4.878,0.0,0,0
48,155,2026-08-13,2026-08-20,VVV/cbBTC,0xB651439c9B086c7B4399C623e54dEeBCb3905f17,138.23,167.63,152.93,62.29,0.18,0.5752,0.02984,0.01,0.1177,40.7311,0.289,13401.61,15.7738
48,155,2026-08-13,2026-08-20,cbADA/cbBTC,0xe8C3C7f1f845bc17E6964D42D84B21F97b12FCC0,0,0,0,0,0,0.0,0.02984,0.0,0,0,0,0,0
48,155,2026-08-13,2026-08-20,DEGEN/USDC,0xd2dd277feeec88405db3741239b0a9a96d01692d,1.84,1.1,1.47,2.15,0.01,5.6338,0.02984,0.11,0.6803,146.2585,0.4651,13.15,0.0895
48,155,2026-08-13,2026-08-20,REI/USDC,0x02b3df6178dd2f6b43ffa075c9477dd5bbf8fd10,429.47,0.06,214.77,3656.94,12.61,5663.9076,0.02984,112.37,5.8715,1702.7635,0.3448,1.91,0.1122
48,155,2026-08-13,2026-08-20,CX/WETH,0xc83418f1acad06914455d931785aedadb1617def,160.47,177.46,168.97,261.22,0.68,5672.0785,0.02984,112.53,0.4025,154.6001,0.2603,1.5,0.006
48,155,2026-08-13,2026-08-20,USDC/PLAY,0x4cde01601c64134de101fa4d776b76c6eee1d697,282.93,288.35,285.64,933.64,2.64,5665.4754,0.02984,112.4,0.9242,326.859,0.2828,2.54,0.0235
49,156,2026-08-20,2026-08-27,USDC/VVV,0x02107bab40bba06ae979a15f67b5ad3853c5e116,15432.07,18777.81,17104.94,100088.74,351.41,7628.3521,0.03393,181.18,2.0544,585.1452,0.3511,94.41,1.9396
49,156,2026-08-20,2026-08-27,USDC/ZEN,0x415233bf9b9156d4f777d580e67c0a4e398a84c3,2119.45,2441.43,2280.44,9706.35,35.38,294.2925,0.03393,6.99,1.5515,425.635,0.3645,326.26,5.0617
49,156,2026-08-20,2026-08-27,WETH/CHECK,0x567b69f72c0a2689c9be0cfba576af3caa896cb2,82.98,1.09,42.04,80.32,0.41,120.2866,0.03393,2.86,0.9754,191.0789,0.5105,14.71,0.1435
49,156,2026-08-20,2026-08-27,WETH/NOCK,0x467a8846e7b54eac5d4d1cb2fdc9b8752212ff0e,221.45,300.22,260.84,507.19,2.49,5536.8595,0.03393,131.51,0.9546,194.4486,0.4909,1.98,0.0189
49,156,2026-08-20,2026-08-27,LFI/USDC,0x53ab4c60ff04b782f630a8685af95404f099aafd,33621.15,24550.05,29085.6,129696.54,1603.3,91610.4531,0.03393,2175.84,5.5123,445.9132,1.2362,13.37,0.7369
49,156,2026-08-20,2026-08-27,AORA/USDC,0x7b5b9ac36bef2e808a02568704f651c607634c4b,0.22,0.25,0.23,0.11,0.0,0.0,0.03393,0.0,0.0,46.8085,0.0,0,0
49,156,2026-08-20,2026-08-27,DRB/WETH,0xa9a12101beddf0950c65c32a915ae21db002623d,283.48,551.49,417.49,2272.71,32.97,5.2293,0.03393,0.12,7.8973,544.3812,1.4507,3361.39,265.4591
49,156,2026-08-20,2026-08-27,DIEM/USDC,0xe6D1dABdDDb884c20C0eFF3c50FBa364e6C14399,0.12,0.14,0.13,0.02,0.0,0.0,0.03393,0.0,0.0,15.3846,0.0,0,0
49,156,2026-08-20,2026-08-27,HOME/USDC,0x3343646E7d40099F1456405859F6c28A40423BbD,0,0,0,0,0,0.0,0.03393,0.0,0,0,0,0,0
49,156,2026-08-20,2026-08-27,AUKI/USDC,0x3c709ea8105174964a45ca913dc948f2b7477b66,1074.69,1075.34,1075.01,6080.09,30.61,817.6809,0.03393,19.42,2.8474,565.5819,0.5034,55.35,1.5762
49,156,2026-08-20,2026-08-27,FUN/WETH,0xbcbc4c1428632a176d4cbe0b7b891bf4ee6b3e09,0.11,0.09,0.1,0.05,0.0,0.0,0.03393,0.0,0.0,50.0,0.0,0,0
49,156,2026-08-20,2026-08-27,OVPP/USDC,0x8857358a26254f8a1100434225495e633d496950,0.06,0.07,0.07,0.03,0.0,0.0,0.03393,0.0,0.0,46.1538,0.0,0,0
49,156,2026-08-20,2026-08-27,UP/WETH,0x1110d6aa4fd324f2836d618609105bb8935bbf4a,568.55,2.03,285.29,10.13,0.12,372.9269,0.03393,8.86,0.0421,3.5508,1.1846,32.21,0.0135
49,156,2026-08-20,2026-08-27,BASEAI/USDC,0xB38ebed77331641FfD84312f1f8bF0A4ae8BC2cC,0,0,0,0,0,0.0,0.03393,0.0,0,0,0,0,0
49,156,2026-08-20,2026-08-27,VELVET/WETH,0x77D190B97B20161345AC718c93f530E8a7A4800b,736.42,235.78,486.1,3948.1,27.89,8660.2778,0.03393,205.69,5.7375,812.1991,0.7064,2.36,0.1356
49,156,2026-08-20,2026-08-27,MOCA/WETH,0x3e172Af5f0dcA7b8D183D2Ec7Bc14D8Cab2216A8,5.73,0.03,2.88,0.49,0.0,0.0,0.03393,0.0,0.0,17.0139,0.0,0,0
49,156,2026-08-20,2026-08-27,BIO/WETH,0x4BFf50D91BC2fDE06f31A91a781bd461f69e9BD8,0.2,0.26,0.23,0.02,0.0,0.0,0.03393,0.0,0.0,8.6957,0.0,0,0
49,156,2026-08-20,2026-08-27,VVV/cbBTC,0xB651439c9B086c7B4399C623e54dEeBCb3905f17,167.63,4.15,85.89,15.49,0.05,0.8544,0.03393,0.02,0.0582,18.0347,0.3228,4232.64,2.464
49,156,2026-08-20,2026-08-27,cbADA/cbBTC,0xe8C3C7f1f845bc17E6964D42D84B21F97b12FCC0,0,0,0,0,0,0.0,0.03393,0.0,0,0,0,0,0
49,156,2026-08-20,2026-08-27,DEGEN/USDC,0xd2dd277feeec88405db3741239b0a9a96d01692d,1.1,1.03,1.06,2.42,0.01,0.0,0.03393,0.0,0.939,227.23,0.4132,0,0
49,156,2026-08-20,2026-08-27,REI/USDC,0x02b3df6178dd2f6b43ffa075c9477dd5bbf8fd10,0.06,14.76,7.41,255.69,0.79,3260.9942,0.03393,77.45,10.6613,3450.6073,0.309,0.1,0.0102
49,156,2026-08-20,2026-08-27,CX/WETH,0xc83418f1acad06914455d931785aedadb1617def,177.46,8.18,92.82,14.52,0.08,2784.8151,0.03393,66.14,0.0862,15.6432,0.551,1.4,0.0012
49,156,2026-08-20,2026-08-27,USDC/PLAY,0x4cde01601c64134de101fa4d776b76c6eee1d697,288.35,5.74,147.05,266.91,0.66,2840.9377,0.03393,67.48,0.4488,181.5159,0.2473,2.18,0.0098
